lat,lng,sum,adult,animal,children,baby,elderly
-30.14314,-51.3286598,8,8,0,0,0,0
-30.1343314,-51.3661674,2,0,2,0,0,0
-30.1201506,-51.3171752,1,1,0,0,0,0
-30.1118014,-51.3443868,4,4,0,0,0,0
-30.1079519,-51.3196503,1,1,0,0,0,0
-30.1078743,-51.2528411,1,1,0,0,0,0
-30.1051687,-51.3172866,1,1,0,0,0,0
-30.1022199,-51.2315195,0,0,0,0,0,0
-30.0939712,-51.3407392,1,1,0,0,0,0
-30.0935193,-51.335595,2,0,2,0,0,0
-30.0935106,-51.3195168,5,2,3,0,0,0
-30.0914723,-51.333366,1,1,0,0,0,0
-30.0910044,-51.3224191,16,11,4,0,0,0
-30.090656,-51.236543,2,0,2,0,0,0
-30.0902765,-51.3222359,4,1,3,0,0,0
-30.0899617,-51.3355207,3,1,1,0,0,1
-30.0898809,-51.3368069,5,3,2,0,0,0
-30.0895942,-51.323083,2,2,0,0,0,0
-30.0893678,-51.3213518,15,1,14,0,0,0
-30.0882895,-51.3206218,26,4,22,0,0,0
-30.0814077,-51.2201133,2,1,1,0,0,0
-30.0811734,-51.242904,3,2,1,0,0,0
-30.0806328,-51.2153259,1,1,0,0,0,0
-30.0698443,-51.1978321,16,10,4,0,1,1
-30.0684012,-51.2368149,200,100,0,0,0,100
-30.066692,-51.235086,2,2,0,0,0,0
-30.0617206,-51.2302752,4,4,0,0,0,0
-30.0613541,-51.2304764,1,0,1,0,0,0
-30.059289,-51.230057,3,3,0,0,0,0
-30.0583746,-51.2276645,4,3,1,0,0,0
-30.0580118,-51.2276253,4,2,1,0,0,1
-30.0569739,-51.2276349,2,2,0,0,0,1
-30.0560893,-51.1891994,1,1,0,0,0,0
-30.0560571,-51.2298494,4,4,0,0,0,0
-30.055794,-51.226579,2,1,0,0,0,0
-30.0557251,-51.2063053,1,0,1,0,0,0
-30.0555003,-51.2299516,2,0,0,0,0,2
-30.054019,-51.228418,2,1,0,0,0,1
-30.0532529,-51.2283696,3,2,0,0,0,1
-30.0529474,-51.2278128,4,2,2,0,0,0
-30.0527046,-51.227639,2,1,0,0,0,1
-30.0526458,-51.2273317,3,1,2,0,0,0
-30.0520695,-51.2261083,3,1,1,0,0,0
-30.0517258,-51.2270691,4,3,1,0,0,0
-30.0514977,-51.3162899,40,40,0,0,0,0
-30.0513557,-51.226006,1,0,0,0,0,1
-30.0512355,-51.2280243,2,2,0,0,0,0
-30.0500072,-51.2215736,3,1,0,0,0,2
-30.0498634,-51.311676,40,40,0,0,0,0
-30.0487369,-51.2261775,1,1,0,0,0,0
-30.0486031,-51.1333033,2,0,0,0,0,2
-30.0481052,-51.3149307,30,10,20,0,0,0
-30.047951,-51.3138712,8,2,4,0,0,2
-30.0478135,-51.3723452,28,28,0,0,0,0
-30.0477646,-51.3139027,1,0,1,0,0,0
-30.0476746,-51.3153708,35,20,15,0,0,0
-30.047625,-51.314326,10,9,1,0,0,0
-30.0475445,-51.3124334,2,2,0,0,0,0
-30.0475249,-51.31403,1,1,0,0,0,0
-30.0473048,-51.3139732,1,1,0,0,0,0
-30.0470899,-51.2204512,0,0,0,0,0,0
-30.0470733,-51.3103045,5,3,2,0,0,0
-30.0469885,-51.3109487,10,5,0,0,0,5
-30.046902,-51.3147977,1,0,0,0,0,1
-30.0468965,-51.3146441,1,0,0,0,0,1
-30.0468284,-51.3129433,23,20,0,0,0,3
-30.0467671,-51.3099532,7,7,0,0,0,0
-30.04666,-51.22144,3,1,2,0,0,0
-30.0466469,-51.3087699,5,3,2,0,0,0
-30.0464044,-51.308708,1,0,1,0,0,0
-30.0463397,-51.314941,16,3,12,0,0,1
-30.0462624,-51.3097314,12,6,5,0,0,1
-30.0462614,-51.3114918,6,2,3,0,0,1
-30.0462201,-51.3140595,16,0,16,0,0,0
-30.0461952,-51.2243084,1,1,0,0,0,0
-30.046186,-51.3111642,4,4,0,0,0,0
-30.0461069,-51.1481046,1,1,0,0,0,0
-30.0460901,-51.2243445,4,1,2,0,0,1
-30.04605,-51.3132517,2,0,0,0,0,2
-30.0459959,-51.3122696,12,11,1,0,0,0
-30.0459631,-51.3120649,4,4,0,0,0,0
-30.0459558,-51.3089392,9,6,2,0,0,1
-30.0459443,-51.3047153,1,0,0,0,0,1
-30.0456855,-51.3121468,8,5,4,0,0,0
-30.0456554,-51.3106997,10,9,0,0,0,1
-30.0455391,-51.3130475,7,1,6,0,0,0
-30.0455155,-51.3105711,58,30,28,0,0,0
-30.0454901,-51.3104403,0,0,0,0,0,0
-30.0452612,-51.3126299,4,2,1,0,0,1
-30.0452177,-51.3119012,4,2,0,0,1,1
-30.0452047,-51.3140403,10,8,2,0,0,0
-30.045203,-51.3133174,1,1,0,0,0,0
-30.0450986,-51.2233729,3,1,0,0,0,2
-30.0450866,-51.2214475,8,2,6,0,0,0
-30.0450801,-51.2297499,4,2,0,0,0,2
-30.0449839,-51.3132112,5,4,0,0,0,1
-30.0448563,-51.229978,5,3,0,0,0,2
-30.0448553,-51.310485,46,40,0,0,1,5
-30.0447892,-51.3098952,7,4,3,0,0,1
-30.0447547,-51.310687,24,23,1,0,0,0
-30.0446953,-51.2231924,7,4,4,0,0,0
-30.0446533,-51.3038635,6,1,5,0,0,0
-30.0446193,-51.3110312,3,3,0,0,0,0
-30.0445889,-51.3121793,20,12,8,0,0,0
-30.0445239,-51.3153041,50,50,0,0,0,0
-30.0445008,-51.3118193,18,8,9,0,0,1
-30.0443482,-51.2242476,11,1,10,0,0,0
-30.0443387,-51.3109487,90,60,30,0,0,0
-30.0443387,-51.309166,5,5,0,0,0,0
-30.0443364,-51.2282473,20,10,7,0,0,3
-30.0441863,-51.3091483,2,0,2,0,0,0
-30.0441086,-51.3117311,20,11,9,0,0,0
-30.0440883,-51.3141508,10,8,0,0,1,1
-30.0440722,-51.2261743,4,2,2,0,0,0
-30.043951,-51.3058733,5,4,0,0,0,1
-30.0439192,-51.2254519,1,1,0,0,0,0
-30.0437533,-51.2296127,3,2,1,0,0,0
-30.0437232,-51.3120134,8,4,2,0,0,2
-30.0437172,-51.3116555,9,9,0,0,0,0
-30.0436623,-51.3219423,7,5,2,0,0,0
-30.0435897,-51.2299925,3,2,1,0,0,0
-30.0433501,-51.2245268,8,4,0,0,0,4
-30.0433363,-51.2277513,2,2,0,0,0,0
-30.043308,-51.2229214,1,1,0,0,0,0
-30.0432648,-51.3139891,10,10,0,0,0,0
-30.0432287,-51.3119012,18,14,0,0,0,4
-30.0431418,-51.3153708,7,4,3,0,0,0
-30.043123,-51.3028725,4,2,1,0,0,1
-30.0430396,-51.3112461,30,30,0,0,0,0
-30.0430237,-51.3155481,15,15,0,0,0,0
-30.0430003,-51.3130065,0,0,0,0,0,0
-30.04295,-51.3108777,8,8,0,0,0,0
-30.0429369,-51.3126585,8,6,1,0,0,1
-30.0429304,-51.3124743,2,1,0,0,0,1
-30.0429219,-51.2225991,3,3,0,0,0,0
-30.0429118,-51.3123105,1,1,0,0,0,0
-30.0428549,-51.3163222,72,72,0,0,0,0
-30.0428511,-51.3143678,15,12,1,0,0,1
-30.0428385,-51.311328,56,30,11,0,3,12
-30.0428058,-51.2227895,7,2,5,0,0,0
-30.0427948,-51.3100999,16,9,5,0,1,1
-30.0427611,-51.314204,2,2,0,0,0,0
-30.0427542,-51.3078892,4,4,0,0,0,0
-30.0427268,-51.302584,3,3,0,0,0,0
-30.0426738,-51.3217715,1,1,0,0,0,0
-30.0426525,-51.3068249,3,2,1,0,0,0
-30.0424437,-51.3096167,23,10,12,0,0,1
-30.0423947,-51.3081758,10,6,3,0,0,1
-30.0423797,-51.222674,5,5,0,0,0,0
-30.0423663,-51.3088103,17,15,0,0,0,1
-30.0422067,-51.309494,4,2,0,0,0,2
-30.0421802,-51.3182958,6,6,0,0,0,0
-30.0420931,-51.3168959,2,2,0,0,0,0
-30.0420632,-51.3134581,2,2,0,0,0,0
-30.0420452,-51.3130026,4,2,0,0,0,2
-30.0419314,-51.3080427,4,4,0,0,0,0
-30.0419054,-51.3175878,2,2,0,0,0,0
-30.0418958,-51.3107805,2,2,0,0,0,0
-30.041891,-51.3155141,2,1,1,0,0,1
-30.041849,-51.3114212,12,10,0,0,2,0
-30.0418187,-51.3148854,4,2,1,0,0,1
-30.041798,-51.3179195,1,1,0,0,0,0
-30.0417107,-51.2249435,3,1,2,0,0,0
-30.0417032,-51.312815,9,8,1,0,0,0
-30.0414938,-51.3116685,12,12,0,0,0,0
-30.0414351,-51.3062927,1,0,0,0,0,1
-30.0414265,-51.3160771,1,1,0,0,0,0
-30.0413564,-51.3108375,12,12,0,0,0,0
-30.0413129,-51.3094963,5,4,0,0,0,1
-30.0412981,-51.3145826,8,7,0,0,0,0
-30.0412835,-51.3125882,3,1,2,0,0,0
-30.0410588,-51.3141631,4,3,0,0,0,2
-30.041027,-51.2235625,2,1,0,0,0,0
-30.0409919,-51.2253161,4,2,2,0,0,0
-30.0409443,-51.2250555,2,2,0,0,0,0
-30.0409231,-51.3147109,2,2,0,0,0,0
-30.040773,-51.3120444,6,2,4,0,0,0
-30.0407637,-51.3122757,10,10,0,0,0,0
-30.0406639,-51.3119696,5,3,0,0,0,2
-30.0402022,-51.3122522,5,4,0,0,0,1
-30.0401429,-51.2255133,3,2,0,0,0,1
-30.0401041,-51.3067832,2,2,0,0,0,0
-30.0397636,-51.1639772,5,5,0,0,0,0
-30.0397173,-51.3119685,7,5,2,0,0,0
-30.0394607,-51.3025954,2,2,0,0,0,0
-30.0392709,-51.3110518,4,2,2,0,0,0
-30.0391508,-51.303018,4,1,3,0,0,0
-30.0389576,-51.3114897,8,8,0,0,0,0
-30.0379602,-51.2073097,4,2,0,0,0,2
-30.0376246,-51.3287188,1,1,0,0,0,0
-30.0374225,-51.2002838,0,0,0,0,0,0
-30.0374169,-51.223865,3,3,0,0,0,0
-30.0368176,-51.2089887,20,2,18,0,0,0
-30.0366772,-51.2264619,2,2,0,0,0,0
-30.0365804,-51.2316654,3,2,1,0,0,0
-30.0364061,-51.2328547,2,2,0,0,0,0
-30.0362913,-51.2344383,1,1,0,0,0,0
-30.0360346,-51.3273574,22,10,12,0,0,0
-30.0358469,-51.2331121,1,1,0,0,0,0
-30.0350536,-51.2254541,2,0,1,0,0,1
-30.0323658,-51.2301635,3,3,0,0,0,0
-30.0323315,-51.2250172,1,1,0,0,0,0
-30.031481,-51.234582,12,0,10,0,0,2
-30.030934,-51.2330643,2,0,0,0,0,2
-30.0308109,-51.2355188,1,1,0,0,0,0
-30.0307316,-51.2324281,1,1,0,0,0,0
-30.0307124,-51.2270105,3,3,0,0,0,0
-30.0306639,-51.2324011,4,1,3,0,0,0
-30.030634,-51.2328547,5,4,0,0,0,1
-30.0298436,-51.2294214,23,14,9,0,0,0
-30.0296136,-51.2348723,1,0,0,0,0,1
-30.0290378,-51.3096273,210,150,0,0,50,10
-30.0288108,-51.2255579,5,3,0,0,0,2
-30.0274816,-51.2265115,3,1,0,0,0,2
-30.0274499,-51.3098908,32,32,0,0,0,0
-30.0272463,-51.1286313,6,5,1,0,0,0
-30.026997,-51.3227654,9,9,0,0,0,0
-30.0268325,-51.2191464,1,1,0,0,0,0
-30.0263224,-51.2180722,6,3,0,0,0,3
-30.0262299,-51.217193,6,3,3,0,0,0
-30.0259792,-51.2248634,14,13,1,0,0,0
-30.0258519,-51.2259188,10,10,0,0,0,0
-30.025471,-51.22352,12,8,0,0,0,4
-30.0248572,-51.2146144,1,1,0,0,0,0
-30.0248231,-51.2149459,10,3,7,0,0,0
-30.0247351,-51.2543661,23,20,3,0,0,0
-30.024636,-51.2169602,18,3,15,0,0,0
-30.024619,-51.2225677,2,2,0,0,0,0
-30.0246092,-51.2150214,2,1,1,0,0,0
-30.0245989,-51.2143796,1,1,0,0,0,0
-30.0245774,-51.2153263,8,3,5,0,0,0
-30.0242876,-51.3214698,5,5,0,0,0,0
-30.0240514,-51.215479,3,3,0,0,0,0
-30.023225,-51.210635,11,1,10,0,0,0
-30.0229349,-51.3102424,11,11,0,0,0,0
-30.021965,-51.2551981,9,1,8,0,0,0
-30.0218151,-51.2116082,2,1,0,0,0,1
-30.0214816,-51.211293,2,1,0,0,0,1
-30.0214259,-51.2104188,2,2,0,0,0,0
-30.020449,-51.2126145,6,4,1,0,0,0
-30.0195786,-51.2103921,13,8,5,0,0,0
-30.0189099,-51.2079541,1,0,0,0,0,1
-30.0186779,-51.1672324,2,2,0,0,0,0
-30.0185413,-51.1861403,1,0,0,0,0,1
-30.0181918,-51.3181412,3,3,0,0,0,0
-30.0181617,-51.2086545,5,1,4,0,0,0
-30.0176239,-51.3182745,8,6,1,0,0,0
-30.0173763,-51.3175102,5,5,0,0,0,0
-30.0172976,-51.2573623,4,0,4,0,0,0
-30.0167243,-51.2082884,4,1,1,0,0,2
-30.0165018,-51.3169556,3,2,0,0,1,0
-30.0162704,-51.2066279,2,1,0,0,0,1
-30.0160295,-51.2079169,2,2,0,0,0,0
-30.0159528,-51.3039594,5,4,0,0,0,1
-30.0155969,-51.3052836,1,0,0,0,0,1
-30.0155555,-51.3029657,2,1,0,0,0,1
-30.015534,-51.204579,1,1,0,0,0,0
-30.0154393,-51.2024153,3,3,0,0,0,0
-30.0150626,-51.2618518,1,0,1,0,0,0
-30.0149171,-51.2125501,1,0,0,0,0,1
-30.0145939,-51.2096746,2,1,0,0,0,1
-30.0141365,-51.2053323,3,1,0,0,0,2
-30.0137928,-51.3149921,6,4,1,0,0,1
-30.0137789,-51.2047186,3,0,3,0,0,0
-30.0134159,-51.161018,1,1,0,0,0,0
-30.0133142,-51.1984451,4,1,1,0,0,2
-30.0132917,-51.197862,5,3,1,0,0,1
-30.0132459,-51.2071776,2,1,1,0,0,0
-30.0131988,-51.1996358,10,0,7,0,0,3
-30.0130306,-51.3116941,5,5,0,0,0,0
-30.0129708,-51.3148284,19,14,1,0,1,3
-30.012935,-51.312022,15,12,3,0,0,0
-30.0127908,-51.2095927,7,2,5,0,0,0
-30.0127514,-51.2097411,5,3,2,0,0,0
-30.0126955,-51.2089095,17,2,15,0,0,0
-30.0126686,-51.1689715,1,1,0,0,0,0
-30.0125702,-51.1998755,11,5,5,0,0,1
-30.0123822,-51.1990887,1,1,0,0,0,0
-30.01232,-51.1991296,3,2,0,0,0,1
-30.0122859,-51.2056177,11,0,11,0,0,0
-30.012279,-51.3145479,2,2,0,0,0,0
-30.01213,-51.2046769,3,2,1,0,0,0
-30.0120755,-51.2043546,3,3,0,0,0,0
-30.0119524,-51.2015921,8,2,6,0,0,0
-30.0118202,-51.3169164,4,4,0,0,0,0
-30.0116321,-51.1960743,3,2,1,0,0,0
-30.0115272,-51.2040647,3,1,2,0,0,0
-30.0114113,-51.1969619,0,0,0,0,0,0
-30.0111108,-51.3110926,7,7,0,0,0,0
-30.0110797,-51.3111148,4,2,2,0,0,0
-30.011046,-51.206856,1,1,0,0,0,0
-30.0110403,-51.3110824,2,2,0,0,0,0
-30.0110077,-51.3160033,13,13,0,0,0,0
-30.0109802,-51.2056038,3,3,0,0,0,0
-30.0107428,-51.2037377,5,4,0,0,0,1
-30.0105499,-51.2065097,2,2,0,0,0,0
-30.0103998,-51.3117034,7,7,0,0,0,0
-30.0103536,-51.2026146,5,3,2,0,0,0
-30.0102479,-51.2067214,7,7,0,0,0,0
-30.0100917,-51.2030611,2,0,0,0,0,2
-30.0098854,-51.2080032,4,2,0,0,0,1
-30.0097422,-51.2011811,3,3,0,0,0,0
-30.009742,-51.201553,10,2,8,0,0,0
-30.0097185,-51.2051319,2,2,0,0,0,0
-30.0095764,-51.2042037,2,2,0,0,0,0
-30.0094298,-51.20197,2,0,0,0,0,2
-30.0093689,-51.2020446,1,1,0,0,0,0
-30.0091451,-51.1997529,2,2,0,0,0,0
-30.0090412,-51.1958602,5,2,2,0,0,1
-30.0089978,-51.2037479,2,0,0,0,0,2
-30.0089442,-51.3134773,85,75,10,0,0,0
-30.008725,-51.207709,3,3,0,0,0,0
-30.0087191,-51.2654776,2,0,2,0,0,0
-30.0085442,-51.2059856,1,1,0,0,0,0
-30.0082757,-51.2029379,8,4,3,0,0,2
-30.0080981,-51.1968778,1,1,0,0,0,0
-30.008098,-51.1947873,7,3,2,0,0,2
-30.0080851,-51.1986129,3,3,0,0,0,0
-30.0080414,-51.2041356,16,5,5,0,0,6
-30.0080097,-51.1987256,3,3,0,0,0,0
-30.0078855,-51.2064224,5,4,0,0,0,0
-30.007872,-51.1984704,5,2,3,0,0,0
-30.0078528,-51.1754591,4,2,2,0,0,0
-30.0078293,-51.3129656,6,5,1,0,0,0
-30.007818,-51.2030012,4,3,1,0,0,0
-30.0077777,-51.2056019,8,3,5,0,0,0
-30.007606,-51.3040785,2,1,0,0,0,0
-30.0074801,-51.2006517,7,1,5,0,0,1
-30.0074632,-51.19689,2,2,0,0,0,0
-30.0074631,-51.1949375,4,2,2,0,0,0
-30.0074515,-51.1970382,4,4,0,0,0,0
-30.0074423,-51.3040072,3,2,1,0,0,0
-30.0071589,-51.3115033,10,6,0,0,0,4
-30.0070266,-51.2010504,3,3,0,0,0,0
-30.0070119,-51.3122082,2,2,0,0,0,0
-30.0069692,-51.1337531,7,4,0,0,1,2
-30.0067913,-51.3077664,3,3,0,0,0,0
-30.0067861,-51.3100869,0,0,0,0,0,0
-30.0066725,-51.3056862,5,5,0,0,0,0
-30.0066137,-51.3152726,5,5,0,0,0,0
-30.0064781,-51.2014,10,6,3,0,0,1
-30.0064568,-51.1999336,4,2,2,0,0,0
-30.0064561,-51.3070527,4,4,0,0,0,0
-30.0063562,-51.1996156,3,2,1,0,0,0
-30.0063209,-51.2015263,2,2,0,0,0,0
-30.0062441,-51.2008084,7,6,0,0,0,0
-30.0061118,-51.3036807,16,1,15,0,0,0
-30.0060965,-51.1948356,4,3,1,0,0,0
-30.0057129,-51.2006354,1,1,0,0,0,0
-30.0056857,-51.30891,507,507,0,0,0,0
-30.0056687,-51.2666966,3,3,0,0,0,0
-30.0054051,-51.2034204,2,2,0,0,0,0
-30.0052371,-51.2021476,5,3,2,0,0,0
-30.0051418,-51.1903241,5,4,1,0,0,0
-30.0050934,-51.1976383,30,25,5,0,0,0
-30.0050799,-51.196228,4,3,1,0,0,0
-30.0050315,-51.3226076,1173,755,3,0,179,237
-30.0048426,-51.1984553,2,2,0,0,0,0
-30.0048384,-51.2032125,1,1,0,0,0,0
-30.00483,-51.3208674,0,0,0,0,0,0
-30.0048181,-51.3223128,503,503,0,0,0,0
-30.0047941,-51.2018499,9,6,3,0,0,0
-30.0046626,-51.2015424,5,3,1,0,0,1
-30.0046556,-51.1973663,3,2,0,0,1,0
-30.0046376,-51.1925489,1,1,0,0,0,0
-30.004527,-51.199848,2,0,0,0,0,2
-30.0044899,-51.3247126,15,15,0,0,0,0
-30.0044437,-51.1948532,3,2,0,0,0,1
-30.0042915,-51.1984362,1,0,0,0,0,0
-30.0040875,-51.2052003,6,5,1,0,0,0
-30.0040502,-51.3172828,5,1,3,0,0,1
-30.0040357,-51.1922276,1,1,0,0,0,0
-30.0039775,-51.1952611,7,0,7,0,0,0
-30.0036652,-51.1997462,4,4,0,0,0,0
-30.003612,-51.1965144,5,3,2,0,0,0
-30.0035927,-51.1963968,2,2,0,0,0,0
-30.0035241,-51.3115693,1,1,0,0,0,0
-30.0034381,-51.3052502,21,1,20,0,0,0
-30.0034346,-51.3192706,2,2,0,0,0,0
-30.0034105,-51.316782,10,9,1,0,0,0
-30.0034084,-51.1938258,2,2,0,0,0,0
-30.0034072,-51.316681,2,0,2,0,0,0
-30.0032046,-51.1976059,2,2,0,0,0,0
-30.0031973,-51.3184445,4,2,2,0,0,0
-30.0031571,-51.3284324,9,2,7,0,0,0
-30.0030965,-51.1897102,5,3,2,0,0,0
-30.0030062,-51.316159,0,0,0,0,0,0
-30.0029674,-51.3175919,13,11,0,0,0,1
-30.0029154,-51.3284529,4,4,0,0,0,0
-30.0028903,-51.317472,5,2,1,0,1,1
-30.0028444,-51.313375,3,0,2,0,0,1
-30.0027382,-51.1940476,3,3,0,0,0,0
-30.0026944,-51.3065176,2,2,0,0,0,0
-30.0025138,-51.3116411,20,20,0,0,0,0
-30.0024802,-51.3155116,1,1,0,0,0,0
-30.0024765,-51.3081479,5,4,0,0,0,1
-30.0024542,-51.31316,3,2,1,0,0,1
-30.002423,-51.3148079,7,4,3,0,0,0
-30.0023382,-51.3241113,4,3,1,0,0,0
-30.00232,-51.3155039,10,8,0,0,0,2
-30.0022884,-51.1969551,1,1,0,0,0,0
-30.002281,-51.3143985,8,8,0,0,0,0
-30.0022019,-51.3183084,4,3,1,0,0,0
-30.0021978,-51.3174691,3,3,0,0,0,0
-30.0021923,-51.3286725,10,8,2,0,0,1
-30.0021494,-51.1901292,3,3,0,0,0,0
-30.0021219,-51.3142986,2,2,0,0,0,0
-30.0021135,-51.3156471,8,6,1,0,0,0
-30.0020392,-51.1999151,2,1,0,0,0,1
-30.0019843,-51.3233651,7,7,0,0,0,0
-30.0019277,-51.3190352,4,1,3,0,0,0
-30.0019195,-51.3236761,9,7,2,0,0,0
-30.001901,-51.3188202,2,2,0,0,0,0
-30.0018355,-51.3190191,11,10,1,0,0,0
-30.0018006,-51.3234522,20,17,3,0,0,0
-30.0018006,-51.3233652,7,7,0,0,0,0
-30.001791,-51.3283042,3,1,1,0,0,1
-30.0017338,-51.3236813,4,4,0,0,0,0
-30.0017219,-51.3172869,10,6,3,0,0,1
-30.0016703,-51.3169426,1,1,0,0,0,0
-30.0016654,-51.3236681,10,6,4,0,0,0
-30.0016431,-51.3278182,2,0,2,0,0,0
-30.0016063,-51.1925093,3,2,1,0,0,0
-30.0015878,-51.3175305,8,4,2,0,0,1
-30.0015771,-51.3238876,4,3,1,0,0,0
-30.0015331,-51.3236639,8,2,6,0,0,0
-30.0015321,-51.314279,16,8,6,0,0,2
-30.0015242,-51.3238855,7,3,4,0,0,0
-30.0014854,-51.2005799,7,4,0,0,0,3
-30.0014725,-51.3281849,2,2,0,0,0,0
-30.0014541,-51.3155448,2,2,0,0,0,0
-30.0014169,-51.315271,3,3,0,0,0,0
-30.001329,-51.3274087,6,3,3,0,0,0
-30.001229,-51.3166033,13,9,0,0,0,4
-30.001195,-51.319032,5,1,4,0,0,0
-30.001124,-51.3236509,7,3,4,0,0,0
-30.0010776,-51.3262417,2,0,2,0,0,0
-30.0010758,-51.3156677,6,4,1,0,0,1
-30.0010274,-51.3148443,6,3,2,0,0,1
-30.000954,-51.3119975,2,1,0,0,0,1
-30.0009074,-51.3184927,6,6,0,0,0,0
-30.0008485,-51.3141017,4,4,0,0,0,0
-30.0007856,-51.3168335,60,60,0,0,0,0
-30.000769,-51.188339,14,14,0,0,0,0
-30.0007332,-51.318073,6,4,1,0,0,1
-30.0007252,-51.3153269,5,1,4,0,0,0
-30.0007041,-51.3188308,17,5,12,0,0,0
-30.000703,-51.1591349,9,0,4,0,2,3
-30.000684,-51.318964,3,2,1,0,0,0
-30.0006452,-51.314568,3,1,2,0,0,0
-30.000632,-51.190207,3,1,2,0,0,0
-30.0005827,-51.3145734,4,2,2,0,0,0
-30.000547,-51.316488,20,20,0,0,0,0
-30.0005205,-51.3183699,1,1,0,0,0,0
-30.0005172,-51.3128428,11,8,2,0,1,0
-30.0004705,-51.3151273,3,3,0,0,0,0
-30.000413,-51.315563,6,5,1,0,0,0
-30.0003971,-51.327204,2,2,0,0,0,0
-30.0003723,-51.3141733,11,11,0,0,0,0
-30.0003594,-51.3043892,5,0,5,0,0,0
-30.0003376,-51.3236927,30,25,5,0,1,0
-30.0003273,-51.1976796,4,3,1,0,0,0
-30.0002811,-51.3118909,1,1,1,0,0,0
-30.0002706,-51.3158007,7,3,3,0,0,1
-30.0002633,-51.314583,11,11,0,0,0,0
-30.000248,-51.19925,4,2,0,0,0,2
-30.0002477,-51.3171416,4,2,2,0,0,0
-30.0002268,-51.319814,5,5,0,0,0,0
-30.0002174,-51.3245907,8,5,2,0,0,0
-30.0001391,-51.3180423,4,4,0,0,0,0
-30.0001336,-51.3132193,28,28,0,0,0,0
-30.0001239,-51.3240164,1,1,0,0,0,0
-30.0001226,-51.3234522,11,9,0,0,0,2
-30.0001038,-51.315744,5,2,2,0,0,1
-30.0001008,-51.3240226,5,2,2,0,0,0
-30.0000799,-51.1986589,1,1,0,0,0,0
-30.0000592,-51.3260407,2,2,0,0,0,0
-30.0000354,-51.1877374,1,1,0,0,0,0
-30.0000218,-51.3186974,1,0,1,0,0,0
-29.9999805,-51.3278018,5,5,0,0,0,0
-29.999961,-51.3236825,25,23,0,0,0,2
-29.9999339,-51.3240902,2,2,0,0,0,0
-29.9999285,-51.3218501,1,0,1,0,0,0
-29.9998271,-51.3145567,3,2,0,0,0,0
-29.999822,-51.3271732,6,1,5,0,0,0
-29.9998067,-51.3277366,15,10,5,0,0,0
-29.9998028,-51.3230254,2,2,0,0,0,0
-29.9997977,-51.3158837,10,8,0,0,0,3
-29.9997869,-51.3142863,1,1,0,0,0,0
-29.9997816,-51.3154937,8,6,0,0,0,2
-29.9997428,-51.3165684,3,3,0,0,0,0
-29.9996663,-51.3165684,3,3,0,0,0,0
-29.9995242,-51.3237746,2,2,0,0,0,0
-29.999453,-51.3157919,4,4,0,0,0,0
-29.9994327,-51.3244258,1,0,0,0,0,1
-29.999402,-51.269346,6,0,6,0,0,0
-29.999395,-51.3219115,9,9,0,0,0,0
-29.9993888,-51.3151585,46,40,0,0,1,5
-29.9991668,-51.1965531,42,2,40,0,0,0
-29.9991613,-51.3109186,14,9,4,0,0,0
-29.9991199,-51.3129681,7,3,3,0,0,1
-29.9990282,-51.3158314,12,12,0,0,0,0
-29.9988703,-51.3098373,4,4,0,0,0,0
-29.9988682,-51.3161066,40,40,0,0,0,0
-29.9988166,-51.3132624,10,10,0,0,0,0
-29.9987547,-51.3131582,0,0,0,0,0,0
-29.9986011,-51.315804,5,2,2,0,0,1
-29.9985889,-51.2002535,0,0,0,0,0,0
-29.9985765,-51.3232038,2,2,0,0,0,0
-29.9984727,-51.192468,4,4,0,0,0,0
-29.9984172,-51.3158721,1,1,0,0,0,0
-29.9983911,-51.3276544,5,2,3,0,0,0
-29.99834,-51.3216588,10,2,8,0,0,0
-29.998295,-51.3239344,25,2,23,0,0,0
-29.9982759,-51.3214897,2,2,0,0,0,0
-29.9982441,-51.3251175,4,3,1,0,0,0
-29.9982239,-51.3251168,4,4,0,0,0,0
-29.9981946,-51.3224214,11,6,4,0,0,2
-29.9981477,-51.2031859,1,0,0,0,0,1
-29.9981052,-51.3172809,8,8,0,0,0,0
-29.9980927,-51.3241194,13,8,0,0,0,5
-29.998085,-51.3223824,5,5,0,0,0,0
-29.9980337,-51.3235096,12,11,0,0,0,1
-29.9978415,-51.3259857,4,3,0,0,0,0
-29.9977728,-51.1970862,2,1,1,0,0,0
-29.99776,-51.3257958,1,0,1,0,0,0
-29.9977547,-51.1977534,1,0,0,0,0,1
-29.9977255,-51.1842607,5,3,2,0,0,0
-29.9976951,-51.3222982,4,2,2,0,0,0
-29.9975995,-51.3264521,2,2,0,0,0,0
-29.9974161,-51.32515,11,6,4,0,0,0
-29.9974024,-51.3261048,3,1,2,0,0,0
-29.9973958,-51.208953,50,50,0,0,0,0
-29.9973101,-51.3272561,5,3,0,0,0,2
-29.997189,-51.3243717,4,4,0,0,0,0
-29.9971575,-51.3057306,12,6,6,0,0,0
-29.9971104,-51.3240715,2,0,2,0,0,0
-29.997108,-51.1920163,5,1,4,0,0,0
-29.9970978,-51.3143232,6,6,0,0,0,0
-29.9970824,-51.1919271,5,4,1,0,0,0
-29.9970613,-51.316118,5,5,0,0,0,0
-29.9969558,-51.1316276,3,2,1,0,0,0
-29.9968759,-51.0496313,2,0,2,0,0,0
-29.9968646,-51.3047372,51,1,50,0,0,0
-29.9968073,-51.1910988,4,4,0,0,0,0
-29.9967789,-51.3059243,4,3,1,0,0,0
-29.996713,-51.3241018,10,7,3,0,0,0
-29.996676,-51.1292442,2,0,2,0,0,0
-29.9966531,-51.323906,3,2,0,0,0,1
-29.9966299,-51.3263543,5,3,0,0,1,1
-29.9966158,-51.1958406,15,10,5,0,0,0
-29.996596,-51.1975711,1,1,0,0,0,0
-29.996594,-51.3048532,21,1,20,0,0,0
-29.9965353,-51.311574,2,0,2,0,0,0
-29.9965213,-51.3171736,5,3,0,0,0,2
-29.9965008,-51.3271184,2,0,2,0,0,0
-29.9964833,-51.3106344,15,10,3,0,0,2
-29.9964478,-51.3171723,5,3,0,0,2,0
-29.9964194,-51.3170984,2,1,1,0,0,0
-29.9964022,-51.313334,7,0,7,0,0,0
-29.9963592,-51.0903074,5,5,0,0,0,0
-29.996338,-51.3254453,5,3,0,0,0,1
-29.9963042,-51.3266217,16,15,0,0,1,0
-29.9962983,-51.3174607,2,2,0,0,0,0
-29.996196,-51.3096495,9,4,3,0,0,2
-29.9961771,-51.326207,2,2,0,0,0,0
-29.996165,-51.1296232,15,11,3,0,0,1
-29.9961632,-51.3141346,3,3,0,0,0,0
-29.9960359,-51.1974684,1,0,1,0,0,0
-29.9960006,-51.3059141,6,2,4,0,0,0
-29.995942,-51.3178659,3,3,0,0,0,0
-29.9957442,-51.3175941,9,6,2,0,0,0
-29.9957414,-51.318378,4,4,0,0,0,0
-29.9956602,-51.3255055,21,19,2,0,0,0
-29.9955952,-51.3092028,6,4,2,0,0,0
-29.9955542,-51.1996652,2,0,0,0,0,2
-29.995503,-51.3263479,1,1,0,0,0,0
-29.9954042,-51.1956597,1,1,0,0,0,0
-29.9953031,-51.3086232,24,23,1,0,0,0
-29.9952349,-51.198075,4,3,0,0,0,1
-29.9951806,-51.0553379,7,1,6,0,0,0
-29.995069,-51.2997536,31,1,30,0,0,0
-29.9949899,-51.303914,6,3,3,0,0,0
-29.9948164,-51.316815,30,26,2,0,0,2
-29.9947923,-51.3038366,3,0,3,0,0,0
-29.994583,-51.3265488,1,1,0,0,0,0
-29.9944708,-51.2010838,4,4,0,0,0,0
-29.9941611,-51.3266355,6,0,6,0,0,0
-29.9941077,-51.3113605,8,6,1,0,0,1
-29.9940923,-51.1895848,2,0,1,0,0,1
-29.9940265,-51.1983911,1,1,0,0,0,0
-29.9939947,-51.3137844,9,8,0,0,0,1
-29.9939909,-51.313423,1,1,0,0,0,0
-29.993978,-51.3263014,3,3,0,0,0,0
-29.9939722,-51.1365047,1,1,0,0,0,0
-29.9939539,-51.3265986,6,5,1,0,0,0
-29.9939407,-51.2012712,10,5,5,0,0,0
-29.9939039,-51.199032,2,0,1,0,0,0
-29.9938367,-51.1920359,15,1,14,0,0,0
-29.9937989,-51.326557,4,3,0,0,0,1
-29.9936878,-51.1367859,7,4,2,0,0,1
-29.9936513,-51.3259994,6,4,1,0,0,1
-29.9936461,-51.1997708,2,0,2,0,0,0
-29.9936398,-51.3015341,2,2,0,0,0,0
-29.9935253,-51.324314,6,6,0,0,0,0
-29.9935202,-51.314071,6,2,2,0,0,2
-29.9934694,-51.191858,2,2,0,0,0,0
-29.9934606,-51.3018032,1,1,0,0,0,0
-29.993373,-51.2724788,2,0,2,0,0,0
-29.9933187,-51.2271568,1,1,0,0,0,0
-29.9932905,-51.1934026,4,3,0,0,0,1
-29.9932488,-51.0983207,2,1,0,0,0,0
-29.9932369,-51.3258906,5,2,2,0,0,0
-29.9931118,-51.199947,4,4,0,0,0,0
-29.9930855,-51.3247341,2,1,1,0,0,0
-29.9930812,-51.1916463,5,4,0,0,0,0
-29.9930686,-51.3258464,4,2,0,0,0,1
-29.9930592,-51.2010017,1,1,0,0,0,0
-29.9930186,-51.3258333,2,1,1,0,0,0
-29.9930041,-51.1937587,0,0,0,0,0,0
-29.9929917,-51.3247076,12,8,3,0,0,1
-29.9928631,-51.313631,11,10,1,0,0,0
-29.9927382,-51.3146851,5,0,5,0,0,0
-29.9926909,-51.1919588,2,0,0,0,0,2
-29.9926039,-51.1920237,2,0,0,0,0,2
-29.9924032,-51.3109596,2,2,0,0,0,0
-29.9922486,-51.3159485,5,4,1,0,0,0
-29.9922198,-51.3126381,2,1,1,0,0,0
-29.9921811,-51.3256253,2,2,0,0,0,0
-29.9921305,-51.3256123,2,1,1,0,0,0
-29.9920528,-51.1956014,4,4,0,0,0,0
-29.9920186,-51.1968615,30,30,0,0,0,0
-29.9917419,-51.1919956,5,4,1,0,0,0
-29.9916856,-51.3131799,2,1,1,0,0,0
-29.9915486,-51.1921265,4,4,0,0,0,0
-29.9914754,-51.311725,3,3,0,0,0,0
-29.9914357,-51.3154725,4,4,0,0,0,0
-29.9914008,-51.1219552,11,11,0,0,0,0
-29.9912077,-51.1197305,2,2,0,0,0,0
-29.9910961,-51.1906172,2,2,0,0,0,0
-29.9910878,-51.3128093,12,12,0,0,0,0
-29.9909534,-51.3136206,12,8,4,0,0,0
-29.9909381,-51.1899322,4,4,0,0,0,0
-29.9909301,-51.3151913,4,2,2,0,0,0
-29.9905756,-51.1363354,4,2,2,0,0,0
-29.9904327,-51.3133446,9,4,5,0,0,0
-29.9904,-51.190099,14,10,2,0,2,0
-29.9902584,-51.1901891,3,3,0,0,0,0
-29.9902258,-51.3125152,17,0,0,0,0,17
-29.9902043,-51.309363,5,0,5,0,0,0
-29.9902029,-51.1961372,3,2,0,0,0,2
-29.9901404,-51.1760845,3,2,1,0,0,0
-29.9901249,-51.1355213,3,0,3,0,0,0
-29.9900911,-51.1357252,6,3,3,0,0,0
-29.9900242,-51.1345135,30,0,30,0,0,0
-29.9899356,-51.1228085,2,2,0,0,0,0
-29.9898265,-51.1690576,2,0,0,0,0,2
-29.9897238,-51.309313,2,2,0,0,0,0
-29.9897151,-51.1979853,3,0,3,0,0,0
-29.9895966,-51.1886395,1,0,1,0,0,0
-29.9895778,-51.3093034,2,2,0,0,0,0
-29.9895203,-51.3046042,5,3,1,0,1,0
-29.9894237,-51.1899421,2,2,0,0,0,0
-29.9893948,-51.1956161,3,3,0,0,0,0
-29.9893923,-51.200325,7,6,0,0,0,1
-29.9893749,-51.1987924,0,0,0,0,0,0
-29.9893447,-51.1954765,3,2,1,0,0,0
-29.9893427,-51.1228085,2,0,2,0,0,0
-29.9893209,-51.1887167,10,0,10,0,0,0
-29.9893113,-51.135723,2,2,0,0,0,0
-29.9892492,-51.1955078,4,3,1,0,0,0
-29.9891845,-51.1979811,1,1,0,0,0,0
-29.9891653,-51.198107,2,2,0,0,0,0
-29.9889787,-51.1348001,2,0,0,0,0,1
-29.9888947,-51.1949917,8,1,7,0,0,0
-29.9887868,-51.1973771,3,3,0,0,0,0
-29.98876,-51.1945762,9,8,1,0,0,0
-29.9886095,-51.3088052,6,4,1,0,0,1
-29.9884953,-51.19481,7,1,6,0,0,0
-29.9884801,-51.188121,8,4,2,0,0,2
-29.9884237,-51.1952083,14,12,2,0,0,0
-29.9882505,-51.1950282,3,2,1,0,0,0
-29.9882219,-51.1972111,7,4,2,0,0,1
-29.9881932,-51.1914314,10,6,2,0,0,1
-29.9881403,-51.1882022,189,181,0,0,0,7
-29.9879923,-51.1355582,3,0,1,0,0,2
-29.9879141,-51.1702626,3,3,0,0,0,0
-29.9878289,-51.1702368,98,98,0,0,0,0
-29.9878166,-51.1294422,1,0,0,0,0,1
-29.9878162,-51.3126238,2,2,0,0,0,0
-29.9877712,-51.1355582,1,1,0,0,0,0
-29.9876901,-51.1905124,3,2,1,0,0,0
-29.9876432,-51.1159754,1,1,0,0,0,0
-29.987643,-51.2579452,8,6,3,0,0,0
-29.9876081,-51.1352439,2,0,2,0,0,0
-29.9875363,-51.1927924,4,4,0,0,0,0
-29.9875267,-51.1296501,3,1,2,0,0,0
-29.9874913,-51.196192,4,1,2,0,0,1
-29.987483,-51.157697,4,1,3,0,0,0
-29.9873953,-51.1570913,1,1,0,0,0,0
-29.9873784,-51.1156412,31,1,30,0,0,0
-29.9873377,-51.3072752,1,0,1,0,0,0
-29.9872949,-51.3074511,3,0,3,0,0,0
-29.9872939,-51.1679342,6,4,2,0,0,0
-29.9872872,-51.1300583,4,2,0,0,0,2
-29.9871589,-51.1160156,5,1,0,0,0,4
-29.9871326,-51.3097729,23,23,0,0,0,0
-29.987048,-51.12879,0,0,0,0,0,0
-29.9870145,-51.1958807,3,3,0,0,0,0
-29.9870067,-51.1898931,4,4,0,0,0,0
-29.9869859,-51.1253637,1,1,0,0,0,0
-29.9869157,-51.1979148,5,2,2,0,0,1
-29.9868811,-51.188475,5,4,2,0,0,0
-29.986792,-51.1925486,5,1,0,0,2,2
-29.9867632,-51.1924979,7,5,2,0,0,0
-29.9867525,-51.1883742,5,4,1,0,0,1
-29.9867166,-51.080107,14,11,2,0,0,0
-29.98669,-51.19173,3,3,0,0,0,0
-29.9866815,-51.1316276,5,0,5,0,0,0
-29.9866371,-51.1254111,4,2,2,0,0,0
-29.9866298,-51.1807824,2,2,0,0,0,0
-29.9866225,-51.1269562,4,2,2,0,0,0
-29.9865331,-51.1945834,11,3,8,0,0,0
-29.9865061,-51.1961303,4,2,2,0,0,0
-29.9864396,-51.124537,8,4,4,0,0,0
-29.98641,-51.19138,4,3,0,0,0,0
-29.98637,-51.1890359,6,5,0,0,1,0
-29.9863235,-51.1158215,2,1,0,0,0,1
-29.9862754,-51.1922855,4,3,0,0,0,1
-29.9862553,-51.1918384,4,2,2,0,0,0
-29.9862464,-51.1966438,4,4,0,0,0,0
-29.9862353,-51.1299702,5,0,5,0,0,0
-29.9862328,-51.186666,4,4,0,0,0,0
-29.9861662,-51.1551801,81,2,80,0,0,0
-29.9861642,-51.1551393,47,0,47,0,0,0
-29.9861358,-51.1961401,4,3,1,0,0,0
-29.9861075,-51.1989813,6,3,3,0,0,0
-29.9860487,-51.1343852,1,0,1,0,0,0
-29.9860146,-51.1969229,4,3,0,0,0,1
-29.9859915,-51.1237064,8,8,0,0,0,0
-29.9859579,-51.196577,4,3,1,0,0,0
-29.9858922,-51.1229961,6,1,5,0,0,0
-29.9858743,-51.1940762,1,1,0,0,0,0
-29.9858003,-51.1982085,6,4,1,0,0,1
-29.9857811,-51.1261801,10,10,0,0,0,0
-29.9857766,-51.1983126,5,4,0,0,0,1
-29.9857136,-51.1240166,2,2,0,0,0,0
-29.9856903,-51.1237308,15,14,0,0,0,1
-29.9856382,-51.1625527,1,1,0,0,0,0
-29.9855838,-51.1985498,4,4,0,0,0,0
-29.9855597,-51.3082167,3,1,2,0,0,0
-29.9855357,-51.1578517,1,1,0,0,0,0
-29.9855222,-51.1572082,1,1,0,0,0,0
-29.9855149,-51.1981006,7,7,0,0,0,0
-29.9854652,-51.1231191,4,4,0,0,0,0
-29.9854601,-51.1282768,4,2,2,0,0,0
-29.985405,-51.3082045,9,8,1,0,0,0
-29.9853703,-51.1977988,2,2,0,0,0,0
-29.9852735,-51.1987029,2,2,0,0,0,0
-29.985268,-51.1578592,1,1,0,0,0,0
-29.9849767,-51.1230549,30,26,0,0,1,3
-29.9849581,-51.1947558,4,2,0,0,0,2
-29.9849204,-51.1594791,1,1,0,0,0,0
-29.9848599,-51.1877999,35,34,0,0,0,0
-29.9848443,-51.1132918,1,0,0,0,0,1
-29.9847833,-51.1318235,3,3,0,0,0,0
-29.9847567,-51.1234502,13,10,2,0,0,1
-29.9846569,-51.1879144,2,2,0,0,0,0
-29.9846528,-51.0802206,12,5,7,0,0,0
-29.9846124,-51.1955734,3,3,0,0,0,0
-29.9846,-51.1316525,2,2,0,0,0,0
-29.9845951,-51.1965806,2,2,0,0,0,0
-29.9845496,-51.1259352,1,1,0,0,0,0
-29.9845418,-51.3102786,2,2,0,0,0,0
-29.984268,-51.1943088,1,1,0,0,0,0
-29.9842669,-51.1657999,2,2,0,0,0,0
-29.9842622,-51.1917514,30,30,0,0,0,0
-29.9842392,-51.1966878,4,2,2,0,0,0
-29.9841925,-51.1943395,48,34,12,0,0,2
-29.9841482,-51.1942943,37,25,10,0,1,1
-29.9840441,-51.1939856,6,6,0,0,0,0
-29.9840175,-51.1239451,3,3,0,0,0,0
-29.9839103,-51.1342259,4,2,2,0,0,0
-29.9839055,-51.1968301,14,6,6,0,0,2
-29.9838598,-51.1981352,9,6,3,0,0,0
-29.983797,-51.179908,2,2,0,0,0,0
-29.9837807,-51.1337004,15,10,5,0,0,0
-29.9837315,-51.1953721,4,3,1,0,0,0
-29.9837174,-51.124782,2,0,2,0,0,0
-29.9837087,-51.1943506,4,3,0,0,0,1
-29.9836412,-51.1945958,2,1,0,0,0,1
-29.9836376,-51.1990423,1,0,1,0,0,0
-29.9836176,-51.1960339,2,2,0,0,0,0
-29.9836001,-51.1987186,2,1,1,0,0,0
-29.9835931,-51.1974143,4,2,1,0,0,1
-29.9835235,-51.1295793,4,3,0,0,0,1
-29.9833382,-51.1964164,2,0,0,0,0,2
-29.983253,-51.1938718,24,14,6,0,0,4
-29.9831981,-51.191629,2,2,0,0,0,0
-29.9831479,-51.1942642,4,4,0,0,0,1
-29.9830613,-51.1863391,4,2,1,0,0,0
-29.9830342,-51.1142612,2,2,0,0,0,0
-29.983013,-51.1958597,9,9,0,0,0,0
-29.9828923,-51.1969725,45,40,0,0,0,5
-29.9827975,-51.1329569,2,0,2,0,0,0
-29.9827455,-51.1935458,3,1,2,0,0,0
-29.9827395,-51.197164,3,3,0,0,0,0
-29.9826872,-51.1952044,4,1,1,0,0,2
-29.9826742,-51.1952291,2,2,0,0,0,0
-29.9826217,-51.1994259,1,0,1,0,0,0
-29.9825364,-51.1937382,1,0,0,0,0,1
-29.9824753,-51.1359712,2,0,2,0,0,0
-29.9824174,-51.2000267,3,2,0,0,0,1
-29.9823469,-51.1861171,2,2,0,0,0,0
-29.9823408,-51.1954824,4,1,3,0,0,0
-29.9823137,-51.1920392,2,2,0,0,0,0
-29.9823123,-51.1936704,4,2,2,0,0,0
-29.9822912,-51.1830758,3,2,1,0,0,0
-29.9822776,-51.1902309,4,1,3,0,0,1
-29.9821869,-51.1234227,1,0,1,0,0,0
-29.9820741,-51.1953055,3,2,1,0,0,0
-29.9820525,-51.1965105,5,2,0,0,0,3
-29.9820113,-51.1952578,2,2,0,0,0,0
-29.9818964,-51.1359985,3,0,3,0,0,0
-29.9818721,-51.1954791,2,1,1,0,0,0
-29.9817706,-51.1968255,8,8,0,0,0,0
-29.9817543,-51.1932026,3,3,0,0,0,0
-29.981587,-51.1946759,1,0,1,0,0,0
-29.9814464,-51.1927341,3,3,0,0,0,0
-29.9814447,-51.1317808,10,0,10,0,0,0
-29.9813854,-51.1791277,3,3,0,0,0,0
-29.9813827,-51.1792939,20,20,0,0,0,0
-29.9811749,-51.1950838,3,2,1,0,0,0
-29.9811651,-51.1951655,2,2,0,0,0,0
-29.981102,-51.1929487,6,6,0,0,0,0
-29.9810623,-51.1848909,2,1,0,0,0,0
-29.9809129,-51.171858,10,10,0,0,0,0
-29.9808471,-51.1779012,5,5,0,0,0,0
-29.9808422,-51.1977283,1,0,1,0,0,0
-29.9807534,-51.1370907,5,2,3,0,0,0
-29.980669,-51.1919431,12,10,2,0,0,0
-29.9806642,-51.1938139,29,11,18,0,0,0
-29.9806422,-51.1242615,5,3,2,0,0,1
-29.9805844,-51.1932847,7,1,6,0,0,0
-29.980523,-51.1844274,17,16,1,0,0,0
-29.9805107,-51.1893749,3,3,0,0,0,0
-29.9804937,-51.186034,3,3,0,0,0,0
-29.9804833,-51.185179,2,2,0,0,0,0
-29.9804216,-51.1890768,5,4,0,0,0,0
-29.9803992,-51.1248724,4,0,4,0,0,0
-29.98027,-51.18965,2,1,1,0,0,0
-29.9801731,-51.1855666,13,13,0,0,0,0
-29.980161,-51.1896127,27,27,0,0,0,0
-29.9801554,-51.1327132,8,8,0,0,0,0
-29.980068,-51.1889871,6,3,2,0,0,1
-29.9800439,-51.1979845,3,3,0,0,0,0
-29.9800005,-51.1968365,4,3,1,0,0,0
-29.97998,-51.18929,3,3,0,0,0,0
-29.9799531,-51.1871911,30,30,0,0,0,0
-29.9799259,-51.1902299,6,4,0,0,0,2
-29.979919,-51.189296,4,4,0,0,0,0
-29.9798607,-51.1862124,9,5,4,0,0,0
-29.97985,-51.19693,7,3,4,0,0,0
-29.9798101,-51.1839133,1,1,0,0,0,0
-29.9798073,-51.1852472,3,3,0,0,0,0
-29.9798022,-51.1871606,5,5,0,0,0,0
-29.9797864,-51.1867771,4,4,0,0,0,0
-29.9797218,-51.186182,3,3,0,0,0,0
-29.9796908,-51.1869508,4,3,1,0,0,0
-29.9796658,-51.1336714,5,4,1,0,0,0
-29.9795648,-51.1896897,4,3,1,0,0,0
-29.9795374,-51.1892271,1,1,0,0,0,0
-29.9795117,-51.1313953,2,0,2,0,0,0
-29.9794963,-51.1921005,1,1,0,0,0,0
-29.97943,-51.18639,8,5,2,0,0,0
-29.9794153,-51.1988199,3,2,0,0,0,0
-29.979388,-51.186465,1,0,0,0,0,1
-29.9793505,-51.1936995,4,3,0,0,0,2
-29.979312,-51.191666,2,2,0,0,0,0
-29.9792931,-51.1355154,10,1,9,0,0,0
-29.9792831,-51.185041,6,5,0,0,0,1
-29.9792549,-51.1740752,2,1,0,0,0,1
-29.97925,-51.18384,2,2,1,0,0,0
-29.97925,-51.1303441,3,2,1,0,0,0
-29.979235,-51.1903549,4,3,1,0,0,0
-29.9792147,-51.1919894,6,4,0,0,0,2
-29.979212,-51.190227,3,2,1,0,0,0
-29.979203,-51.1939453,2,2,0,0,0,0
-29.9791911,-51.1859833,4,2,1,0,0,0
-29.9791729,-51.1845985,9,8,0,0,0,1
-29.9791322,-51.1895471,2,1,1,0,0,0
-29.9791307,-51.1919968,3,1,1,0,0,0
-29.9791278,-51.1904905,2,2,0,0,0,0
-29.9791197,-51.1923352,4,4,0,0,0,0
-29.9791175,-51.1937455,2,2,0,0,0,0
-29.97909,-51.18374,2,0,1,0,0,1
-29.979087,-51.1895298,3,3,0,0,0,0
-29.9790832,-51.1866085,4,3,1,0,0,0
-29.9790734,-51.1888599,4,2,0,0,0,1
-29.9790599,-51.1904645,2,2,0,0,0,0
-29.9789982,-51.1747745,8,3,5,0,0,0
-29.9789596,-51.1861086,5,3,1,0,0,1
-29.9789527,-51.1378155,2,2,0,0,0,0
-29.9789228,-51.18771,9,8,1,0,0,0
-29.9789206,-51.1970907,3,2,1,0,0,0
-29.978915,-51.1965015,4,1,2,0,0,1
-29.9788757,-51.1868688,10,6,4,0,0,0
-29.9788668,-51.1809867,2,2,0,0,0,0
-29.97884,-51.18891,3,2,1,0,0,0
-29.9787795,-51.1844245,4,4,0,0,0,0
-29.9787163,-51.1847137,4,2,2,0,0,0
-29.9787038,-51.1929156,13,13,0,0,0,0
-29.9787021,-51.1893992,8,6,1,0,0,0
-29.9786998,-51.1938613,6,3,2,0,0,0
-29.9786965,-51.1945525,9,0,9,0,0,0
-29.978688,-51.1747054,11,5,5,0,0,1
-29.978671,-51.1815791,19,14,5,0,0,0
-29.97866,-51.1745674,10,4,5,0,0,1
-29.9786376,-51.188007,3,3,0,0,0,0
-29.9785802,-51.1848041,5,2,3,0,0,0
-29.978552,-51.186507,8,5,3,0,0,0
-29.978536,-51.1896031,5,3,1,0,0,1
-29.9785139,-51.1251607,5,0,5,0,0,0
-29.9784668,-51.1875241,4,3,0,0,0,1
-29.9784579,-51.1864942,4,3,1,0,0,1
-29.9784291,-51.1859612,2,1,0,0,0,0
-29.9784291,-51.1277722,3,3,0,0,0,0
-29.9784193,-51.1237206,8,2,6,0,0,0
-29.97841,-51.18614,6,4,0,0,0,2
-29.978359,-51.1339757,2,0,2,0,0,0
-29.9783232,-51.1828411,4,3,1,0,0,1
-29.9783204,-51.1932452,4,4,0,0,0,0
-29.9782572,-51.195737,5,5,0,0,0,0
-29.9782337,-51.1885928,4,1,1,0,0,1
-29.9781206,-51.1862041,43,40,3,0,0,0
-29.9781139,-51.1347533,6,0,6,0,0,0
-29.9780852,-51.1254,0,0,0,0,0,0
-29.9780459,-51.1841552,2,2,0,0,0,0
-29.9779506,-51.1943828,5,0,5,0,0,0
-29.9778739,-51.1876875,6,4,0,0,0,2
-29.9778564,-51.1945705,2,2,0,0,0,0
-29.9778153,-51.1857678,4,3,1,0,0,0
-29.97781,-51.18292,11,9,2,0,0,1
-29.9777939,-51.1914763,3,1,2,0,0,0
-29.9777514,-51.1851513,6,5,1,0,0,0
-29.9777408,-51.1847917,6,6,0,0,0,0
-29.9777255,-51.1842607,4,2,1,0,0,1
-29.9777232,-51.1867106,4,1,2,0,0,0
-29.9777102,-51.1933664,7,5,0,0,0,2
-29.977701,-51.1929827,8,5,3,0,0,0
-29.9776821,-51.1879243,4,3,1,0,0,0
-29.9776696,-51.1852076,1,1,0,0,0,0
-29.977645,-51.1915592,16,0,16,0,0,0
-29.97761,-51.18621,3,1,1,0,0,1
-29.9775867,-51.1853352,2,1,1,0,0,0
-29.9775546,-51.1936272,3,3,0,0,0,0
-29.9775219,-51.1862599,5,3,1,0,0,1
-29.9774379,-51.1925885,5,3,2,0,0,0
-29.9774339,-51.1941121,3,3,0,0,0,0
-29.9773864,-51.1918044,1,0,0,0,0,1
-29.977386,-51.1942975,6,4,2,0,0,0
-29.9773329,-51.1939599,8,6,2,0,0,0
-29.9772616,-51.1752676,3,3,0,0,0,0
-29.9772471,-51.1911844,6,6,0,0,0,0
-29.9771526,-51.172775,4,3,1,0,0,0
-29.9771008,-51.1826651,4,2,1,0,0,1
-29.9770144,-51.1800016,1,1,0,0,0,0
-29.9770005,-51.1932158,8,8,0,0,0,0
-29.9769716,-51.1939752,5,5,0,0,0,0
-29.9769628,-51.1955844,1,1,0,0,0,0
-29.9769436,-51.1951189,3,2,1,0,0,0
-29.9769333,-51.1941295,6,2,4,0,0,0
-29.9767533,-51.1927251,7,4,3,0,0,0
-29.9766662,-51.1930888,3,2,1,0,0,0
-29.9764826,-51.1951189,5,4,1,0,0,0
-29.9764826,-51.1721987,5,2,3,0,0,0
-29.9763625,-51.1936121,8,8,0,0,0,0
-29.9763471,-51.171916,5,3,2,0,0,0
-29.9763343,-51.1961656,6,4,2,0,0,0
-29.9761785,-51.1718597,5,3,2,0,0,0
-29.9761164,-51.1944016,2,2,0,0,0,0
-29.9761018,-51.1980018,10,7,2,0,0,1
-29.9760303,-51.1942291,9,6,3,0,0,1
-29.9756975,-51.1721064,5,3,2,0,0,0
-29.974475,-51.176033,2,2,0,0,0,0
-29.9741759,-51.1907483,13,12,0,0,0,0
-29.9741575,-51.1757603,2,2,0,0,0,0
-29.9739781,-51.1948118,6,3,0,0,2,0
-29.9739534,-51.1948182,2,1,1,0,0,0
-29.9739456,-51.190814,1,1,0,0,0,0
-29.9739279,-51.1914775,6,6,0,0,0,0
-29.9739241,-51.1909027,20,20,0,0,0,0
-29.9734677,-51.1927887,2,2,0,0,0,1
-29.9731782,-51.1795527,1,1,0,0,0,0
-29.9658002,-51.1930826,2,0,2,0,0,0
-29.9650881,-51.1937179,3,1,2,0,0,0
-29.9650518,-51.1932309,8,6,2,0,0,0
-29.964888,-51.1849406,2,0,2,0,0,0
-29.9643865,-51.1922552,6,3,3,0,0,0
-29.9643862,-51.195942,2,1,1,0,0,0
-29.9643707,-51.1817189,2,0,2,0,0,0
-29.9641166,-51.1913813,4,3,1,0,0,0
-29.9639544,-51.1983131,6,3,2,0,1,0
-29.9637381,-51.1852486,7,2,5,0,0,0
-29.9636758,-51.1989744,2,0,2,0,0,0
-29.9618844,-51.1864799,3,2,1,0,0,0
-29.9615198,-51.1889134,3,0,3,0,0,0
-29.9611159,-51.16725,12,8,4,0,0,0
-29.9600216,-51.1965571,8,5,3,0,0,0
-29.9595844,-51.1944189,4,0,4,0,0,0
-29.9594645,-51.1806415,4,0,4,0,0,0
-29.9590156,-51.187877,40,40,0,0,0,0
-29.9586093,-51.1781338,4,4,0,0,0,0
-29.9586083,-51.172893,3,2,0,0,0,1
-29.9581146,-51.1812758,2,2,0,0,0,0
-29.9574866,-51.1782138,1,0,1,0,0,0
-29.9568747,-51.1890768,4,1,3,0,0,0
-29.956701,-51.1993912,3,3,0,0,0,0
-29.956678,-51.1984813,2,1,0,0,0,0
-29.9565901,-51.1982244,8,8,1,0,0,0
-29.9564799,-51.1989377,4,3,0,0,0,0
-29.9562525,-51.189843,2,1,1,0,0,0
-29.9562525,-51.1771176,30,0,30,0,0,0
-29.9561932,-51.1930405,2,1,1,0,0,0
-29.9561299,-51.1976613,6,2,4,0,0,0
-29.9548185,-51.1878918,3,3,0,0,0,0
-29.954743,-51.187139,13,11,1,0,0,1
-29.9545716,-51.1856445,6,4,0,0,0,2
-29.9533402,-51.1868294,2,0,2,0,0,0
-29.9530519,-51.186391,5,5,0,0,0,0
-29.952599,-51.1878305,11,5,6,0,0,0
-29.9509745,-51.1873377,12,6,3,0,1,2
-29.9507605,-51.1770841,3,2,0,0,1,0
-29.9507521,-51.1770516,3,1,1,0,0,1
-29.950511,-51.17721,2,1,1,0,0,0
-29.9505085,-51.1772005,20,20,0,0,0,0
-29.9503329,-51.1758018,3,1,2,0,0,0
-29.9501266,-51.1830602,1,0,1,0,0,0
-29.9491069,-51.1899349,0,0,0,0,0,0
-29.9490054,-51.1898107,2,0,2,0,0,0
-29.9484815,-51.1814361,2,0,0,0,0,2
-29.9480294,-51.188079,4,2,2,0,0,0
-29.9479564,-51.1882192,2,2,0,0,0,0
-29.9478418,-51.1882494,2,2,0,0,0,0
-29.9474445,-51.183399,17,8,0,0,0,10
-29.9472845,-51.1851644,3,2,0,0,1,0
-29.9472648,-51.1851529,13,12,1,0,0,0
-29.9471831,-51.1887494,4,2,2,0,0,0
-29.9471394,-51.1887511,4,3,0,0,0,1
-29.9467989,-51.1874219,1,1,0,0,0,0
-29.9463514,-51.1856494,4,4,0,0,0,0
-29.9457416,-51.0989724,3,2,0,0,1,0
-29.9451524,-51.1903008,1,1,0,0,0,0
-29.9450873,-51.1809733,6,6,0,0,0,0
-29.9445277,-51.1904523,1,1,0,0,0,0
-29.9441817,-51.1942377,2,0,2,0,0,0
-29.9440927,-51.1887091,11,5,6,0,0,0
-29.9435352,-51.1886302,3,2,1,0,0,0
-29.9427336,-51.1872217,3,1,0,0,0,2
-29.9425968,-51.1846843,9,0,9,0,0,0
-29.9425433,-51.1874424,2,2,0,0,0,0
-29.9412662,-51.188248,20,0,20,0,0,0
-29.9412661,-51.1813544,2,0,2,0,0,0
-29.9411435,-51.1878393,7,1,6,0,0,0
-29.9410314,-51.1842773,8,6,0,0,0,2
-29.9394884,-51.1823378,3,3,0,0,0,0
-29.9333293,-51.1948569,5,4,1,0,0,0
-29.932573,-51.194474,1,1,0,0,0,0
-29.9318821,-51.1974739,4,2,2,0,0,0
-29.9318821,-51.1944659,5,3,2,0,0,0
-29.9315122,-51.1944659,6,4,2,0,0,0
-29.9276253,-51.1916113,3,2,1,0,0,0
-29.9262191,-51.2208088,2,2,0,0,0,0
-29.9249901,-51.1962273,6,6,0,0,0,0
-29.9247539,-51.1975851,14,11,3,0,0,0
-29.9233982,-51.2027565,11,11,0,0,0,0
-29.9229744,-51.1823684,3,3,0,0,0,0
-29.9214911,-51.1896284,3,3,0,0,0,0
-29.9212864,-51.17954,1,1,0,0,0,0
-29.9207908,-51.1999879,9,1,8,0,0,0
-29.9200813,-51.1947569,3,1,2,0,0,0
-29.91932,-51.1916666,4,2,2,0,0,0
-29.9188946,-51.2013263,2,0,2,0,0,0
-29.9185048,-51.1925661,1,0,0,0,0,1
-29.9178691,-51.1918139,4,2,0,0,0,2
-29.9166999,-51.1953678,0,0,0,0,0,0
-29.9165165,-51.2011442,7,4,3,0,0,0
-29.9162001,-51.2117591,2,2,0,0,0,0
-29.9159075,-51.2092657,1,0,1,0,0,0
-29.9158364,-51.2119164,3,0,3,0,0,0
-29.915624,-51.202923,4,0,4,0,0,0
-29.9153219,-51.2025516,5,4,0,0,1,0
-29.9152372,-51.209136,12,11,1,0,0,0
-29.914583,-51.195756,5,5,0,0,0,0
-29.9135799,-51.2041206,1,1,0,0,0,0
-29.9133532,-51.1937454,9,0,9,0,0,0
-29.9126952,-51.2200575,4,0,4,0,0,0
-29.9117515,-51.1459819,15,15,0,0,0,0
-29.9114448,-51.2247182,2,0,2,0,0,0
-29.9111939,-51.1479995,11,11,0,0,0,0
-29.9111816,-51.2185461,0,0,0,0,0,0
-29.910995,-51.2134555,32,30,2,0,0,0
-29.910783,-51.208349,7,7,0,0,0,0
-29.9105015,-51.1906296,5,3,0,0,0,2
-29.9104994,-51.2282752,4,3,1,0,0,0
-29.9102946,-51.209555,3,0,3,0,0,0
-29.9101518,-51.1894037,1,1,0,0,0,0
-29.9099575,-51.2158661,50,50,0,0,0,0
-29.909957,-51.2248469,2,2,0,0,0,0
-29.9098509,-51.2225513,10,6,4,0,0,0
-29.9096027,-51.2263536,31,6,20,0,0,5
-29.9096019,-51.219272,25,25,0,0,0,0
-29.909207,-51.2010045,5,3,2,0,0,0
-29.9091412,-51.2127708,2,2,0,0,0,0
-29.9089933,-51.2282343,1,1,0,0,0,0
-29.9089782,-51.2282989,3,2,0,0,0,1
-29.9089234,-51.2118409,1,1,0,0,0,0
-29.9088014,-51.217574,3,3,0,0,0,0
-29.9085958,-51.2222141,8,6,2,0,0,0
-29.9085874,-51.211832,18,15,4,0,0,0
-29.9084967,-51.2076262,10,0,10,0,0,0
-29.9084794,-51.2223469,20,20,0,0,0,0
-29.9084754,-51.216828,3,2,0,0,0,1
-29.9083162,-51.1961065,5,0,5,0,0,0
-29.9082937,-51.2353885,1,1,0,0,0,0
-29.9082759,-51.2191173,40,40,0,0,0,0
-29.9080601,-51.2245546,4,0,4,0,0,0
-29.9079754,-51.2228784,6,0,6,0,0,0
-29.9078747,-51.2149884,12,0,12,0,0,0
-29.9078303,-51.2209936,30,25,0,0,0,5
-29.9077898,-51.1847036,22,19,4,0,0,0
-29.9077831,-51.2163228,36,36,0,0,0,0
-29.9077775,-51.2164075,0,0,0,0,0,0
-29.9074599,-51.2227098,24,20,4,0,0,0
-29.9074259,-51.2253723,1,1,0,0,0,0
-29.907392,-51.19218,3,1,0,0,0,2
-29.9073618,-51.2116672,2,2,0,0,0,0
-29.9073096,-51.2260004,14,14,0,0,0,0
-29.9071065,-51.2277431,4,3,0,0,0,1
-29.9069876,-51.2183814,6,5,1,0,0,0
-29.9068698,-51.2317563,5,0,5,0,0,0
-29.9066163,-51.2274296,1,0,1,0,0,0
-29.9066093,-51.2091431,19,0,19,0,0,0
-29.9065049,-51.2209569,3,0,3,0,0,0
-29.9063654,-51.2263944,22,20,2,0,0,0
-29.9063358,-51.2257818,4,4,0,0,0,0
-29.9062115,-51.1952361,8,0,8,0,0,0
-29.9061885,-51.2312995,13,10,3,0,0,0
-29.9061882,-51.2296858,4,4,0,0,0,0
-29.9058224,-51.2240143,18,15,3,0,0,0
-29.9055537,-51.2221834,15,9,6,0,0,0
-29.9054925,-51.2283979,12,12,0,0,0,0
-29.9052569,-51.2325684,22,21,1,0,0,1
-29.9050149,-51.2220914,9,9,0,0,0,0
-29.9047947,-51.1981505,2,2,0,0,0,0
-29.9047429,-51.1992059,7,7,0,0,0,0
-29.9045434,-51.197696,5,3,2,0,0,0
-29.90435,-51.182761,1,1,0,0,0,0
-29.904172,-51.2195261,4,4,0,0,0,0
-29.904132,-51.219391,5,0,5,0,0,0
-29.9039938,-51.221519,2,0,2,0,0,0
-29.9039644,-51.2210489,2,0,2,0,0,0
-29.9038741,-51.2277028,3,0,3,0,0,0
-29.9038384,-51.2321187,10,0,10,0,0,0
-29.9038161,-51.2247519,4,4,0,0,0,0
-29.9037813,-51.2243502,30,30,0,0,0,0
-29.9037523,-51.1961872,2,0,2,0,0,0
-29.903734,-51.2143555,6,6,0,0,0,0
-29.9037136,-51.2242378,2,0,0,0,0,2
-29.9036598,-51.2183814,5,3,0,0,0,2
-29.9034977,-51.2287541,4,4,0,0,0,0
-29.903463,-51.1808508,10,3,7,0,0,0
-29.9033913,-51.223191,17,13,0,0,1,3
-29.9033713,-51.2091788,3,0,3,0,0,0
-29.9033155,-51.2083673,2,2,0,0,0,0
-29.9032811,-51.2248102,20,20,0,0,0,0
-29.9030896,-51.2239005,17,2,15,0,0,0
-29.9030458,-51.185148,473,473,0,0,0,0
-29.9027729,-51.2051389,1,0,1,0,0,0
-29.9026947,-51.2356457,2,2,0,0,0,0
-29.9025932,-51.239153,1,1,0,0,0,0
-29.9024654,-51.2271713,8,5,2,0,0,1
-29.9024387,-51.1811426,2,0,2,0,0,0
-29.9024355,-51.2281321,6,6,0,0,0,0
-29.9023365,-51.2230147,2,2,0,0,0,0
-29.9021407,-51.2324355,12,12,0,0,0,0
-29.902045,-51.2265531,10,9,0,0,0,1
-29.9019346,-51.2233281,5,5,0,0,0,0
-29.901909,-51.194685,2,0,2,0,0,0
-29.9017464,-51.2216595,5,5,0,0,0,0
-29.9016455,-51.214784,2,1,1,0,0,0
-29.9014467,-51.2141904,1,0,1,0,0,0
-29.9012808,-51.225219,5,5,0,0,0,0
-29.90127,-51.204697,2,1,0,0,0,1
-29.9012304,-51.2299513,2,1,0,0,0,1
-29.9012033,-51.2134555,5,5,0,0,0,0
-29.9009836,-51.2277098,400,400,0,0,0,0
-29.9009697,-51.2256176,3,3,0,0,0,0
-29.9009664,-51.2227062,8,6,0,0,0,2
-29.9009234,-51.1890349,4,1,0,0,1,2
-29.9009208,-51.2277752,400,400,0,0,0,0
-29.9007092,-51.2266693,10,6,2,0,0,2
-29.9004532,-51.2182077,5,0,5,0,0,0
-29.9003953,-51.2295836,3,3,0,0,0,0
-29.9003716,-51.1992369,3,0,3,0,0,0
-29.9002081,-51.2138401,1,1,0,0,0,0
-29.9000235,-51.2346027,2,0,2,0,0,0
-29.8999356,-51.1955984,2,2,0,0,0,0
-29.8998548,-51.228357,2,0,2,0,0,0
-29.8993048,-51.2192039,6,0,5,0,0,1
-29.899284,-51.230587,2,2,0,0,0,0
-29.8992135,-51.2188059,8,1,6,0,0,0
-29.8990217,-51.2910903,4,2,2,0,0,0
-29.8985265,-51.1690576,2,0,0,0,0,2
-29.8982537,-51.2165827,5,0,5,0,0,0
-29.8980486,-51.2015334,7,7,0,0,0,0
-29.897552,-51.2137719,5,2,2,0,0,0
-29.8972835,-51.1299954,2,2,0,0,0,0
-29.8962356,-51.2268693,8,3,3,0,1,1
-29.8914008,-51.1219552,5,5,0,0,0,0
-29.8876444,-51.1802104,4,4,0,0,0,0
-29.8767075,-51.1666641,12,12,0,0,0,0
-29.876707,-51.2558063,5,3,2,0,0,0
-29.8612467,-51.1526791,11,8,1,0,2,0
-29.8586476,-51.1744438,1,1,0,0,0,0
-29.848869,-51.1836424,1,0,1,0,0,0
